Month,Revenue,Operating Costs,Fuel Costs,Driver Salaries,Maintenance,Insurance,Net Profit,Margin (%)
2026-01,850000,520000,125000,180000,45000,32000,330000,38.8
2026-02,920000,560000,138000,180000,52000,35000,360000,39.1
2026-03,1050000,620000,152000,185000,58000,38000,420000,40.0
2026-04,985000,590000,145000,185000,50000,36000,395000,40.1
2026-05,1120000,650000,165000,190000,62000,40000,425000,37.9
2026-06,1180000,680000,172000,195000,68000,42000,445000,37.7
2026-07,1250000,720000,185000,200000,75000,45000,470000,37.6
2026-08,1310000,750000,195000,205000,82000,48000,490000,37.4
2026-Q3 Total,3540000,2070000,545000,605000,225000,141000,1385000,39.1
